{
  "val_metrics": {
    "bleu": 0.6754785179297017,
    "chrf": 79.91766318137299,
    "loss": 0.5086098909378052
  },
  "test_metrics": {
    "bleu": 0.6812128848795386,
    "bleu_1": 0.8469422327630018,
    "bleu_2": 0.7233196891499081,
    "bleu_3": 0.6392689784442361,
    "bleu_4": 0.5745705147228543,
    "chrf": 80.40404583181076
  }
}