{
  "val_metrics": {
    "bleu": 0.553648604205168,
    "chrf": 71.7622624822632,
    "loss": 0.7814079523086548
  },
  "test_metrics": {
    "bleu": 0.5653345965005812,
    "bleu_1": 0.7908067542213884,
    "bleu_2": 0.6223038776363745,
    "bleu_3": 0.5144475920679886,
    "bleu_4": 0.4333809697896241,
    "chrf": 72.57409161910809
  }
}