{
  "val_metrics": {
    "bleu": 0.6242703642506976,
    "chrf": 76.5167917408306,
    "loss": 0.626056432723999
  },
  "test_metrics": {
    "bleu": 0.6325367780579666,
    "bleu_1": 0.8230428277010813,
    "bleu_2": 0.6800427084260166,
    "bleu_3": 0.5842001686814732,
    "bleu_4": 0.5113917372811501,
    "chrf": 77.3941473117847
  }
}