{
  "val_metrics": {
    "bleu": 0.6671302925051847,
    "chrf": 79.4307586117884,
    "loss": 0.5255900025367737
  },
  "test_metrics": {
    "bleu": 0.6719594253560947,
    "bleu_1": 0.8435360678925036,
    "bleu_2": 0.7166973785888368,
    "bleu_3": 0.630298666332728,
    "bleu_4": 0.5634356720314617,
    "chrf": 79.95154140337362
  }
}