{
  "val_metrics": {
    "bleu": 0.6529024319937774,
    "chrf": 78.33550925074667,
    "loss": 0.5572273135185242
  },
  "test_metrics": {
    "bleu": 0.6588279555532638,
    "bleu_1": 0.835983618133032,
    "bleu_2": 0.7035696270140351,
    "bleu_3": 0.613995062037066,
    "bleu_4": 0.5459373865998086,
    "chrf": 78.95632521371014
  }
}