{
  "val_metrics": {
    "bleu": 0.6331176837527225,
    "chrf": 77.19623679414916,
    "loss": 0.5946879982948303
  },
  "test_metrics": {
    "bleu": 0.6425626988108374,
    "bleu_1": 0.830459444129325,
    "bleu_2": 0.6910239599475504,
    "bleu_3": 0.598706517644104,
    "bleu_4": 0.5279416639045409,
    "chrf": 77.9985974995445
  }
}