{
  "val_metrics": {
    "bleu": 0.6611051868360472,
    "chrf": 78.86784459327562,
    "loss": 0.539192795753479
  },
  "test_metrics": {
    "bleu": 0.6695652258567444,
    "bleu_1": 0.8422079023232152,
    "bleu_2": 0.713848803373122,
    "bleu_3": 0.6266341402389441,
    "bleu_4": 0.559755694948828,
    "chrf": 79.72556078834772
  }
}