{
  "val_metrics": {
    "bleu": 0.5972211620095265,
    "chrf": 74.7886640344725,
    "loss": 0.6824697256088257
  },
  "test_metrics": {
    "bleu": 0.6107620983222456,
    "bleu_1": 0.8117897123423551,
    "bleu_2": 0.661832583901611,
    "bleu_3": 0.5631332935972645,
    "bleu_4": 0.4879607856125592,
    "chrf": 75.6981826864116
  }
}