{
  "val_metrics": {
    "bleu": 0.11732238790318834,
    "chrf": 29.15308984068187,
    "loss": 2.6169042587280273
  },
  "test_metrics": {
    "bleu": 0.11883374186799264,
    "bleu_1": 0.30584001308686404,
    "bleu_2": 0.15889955303004055,
    "bleu_3": 0.10708104724380454,
    "bleu_4": 0.07609591460303755,
    "chrf": 29.5613904072158
  }
}